variant,regime,examples,batches,seconds_median,examples_per_second,step_ms
"1. one file at a time, no shuffle, serial parse",strict,12384,387,0.9233617560000198,13411.861515303797,0.0
"1. one file at a time, no shuffle, serial parse",strict,12384,387,2.5659206070000096,4826.3379491226615,4.0
2. + interleave 5 files,strict,12384,387,0.7921979609999994,15632.456292070676,0.0
2. + interleave 5 files,strict,12384,387,2.584352322999962,4791.916291670493,4.0
3. + shuffle buffer,strict,12384,387,0.7721303409999791,16038.742868155643,0.0
3. + shuffle buffer,strict,12384,387,2.4920404039999653,4969.4218360675395,4.0
4. + 5 parse threads,strict,12384,387,0.6540176670000051,18935.268303692326,0.0
4. + 5 parse threads,strict,12384,387,2.3475631409999664,5275.257471764921,4.0
5. + prefetch(1)  [the book's function],strict,12384,387,0.6009985860000029,20605.705717916517,0.0
5. + prefetch(1)  [the book's function],strict,12384,387,1.8229139620000296,6793.518650991494,4.0
6. + AUTOTUNE threads and prefetch,strict,12384,387,0.7977024250000113,15524.586126210941,0.0
6. + AUTOTUNE threads and prefetch,strict,12384,387,1.8634281000000215,6645.815848757383,4.0
"1. one file at a time, no shuffle, serial parse",default,12384,387,0.5764396920000081,21483.600404116212,0.0
"1. one file at a time, no shuffle, serial parse",default,12384,387,1.8151817090000009,6822.457464505001,4.0
2. + interleave 5 files,default,12384,387,0.6511467410000478,19018.754483790148,0.0
2. + interleave 5 files,default,12384,387,1.8076012970000193,6851.06833047369,4.0
3. + shuffle buffer,default,12384,387,0.6453857580000317,19188.5238347627,0.0
3. + shuffle buffer,default,12384,387,1.845319346999986,6711.033523890157,4.0
4. + 5 parse threads,default,12384,387,0.4784328110000047,25884.512339601806,0.0
4. + 5 parse threads,default,12384,387,1.852299741999957,6685.742981656307,4.0
5. + prefetch(1)  [the book's function],default,12384,387,0.6460752569999499,19168.04561980147,0.0
5. + prefetch(1)  [the book's function],default,12384,387,1.8505520100000012,6692.057252689694,4.0
6. + AUTOTUNE threads and prefetch,default,12384,387,0.819925258000012,15103.815718773501,0.0
6. + AUTOTUNE threads and prefetch,default,12384,387,1.8730766330000392,6611.582132742212,4.0
