group_by,group,rows,rmse,mean_error
ocean_proximity,<1H OCEAN,1859,52386.89865866866,2115.589896281603
ocean_proximity,INLAND,1289,34881.433756707185,3806.5970774340576
ocean_proximity,ISLAND,3,193405.07427189092,2647.3177083333335
ocean_proximity,NEAR BAY,443,57555.5987364754,-130.34408507336343
ocean_proximity,NEAR OCEAN,534,66795.23477814902,4043.3604283707864
median_income,<1.5,165,55206.40147217795,-2673.4250946969696
median_income,1.5-3,1316,46202.040002830145,3566.6505924677053
median_income,3-4.5,1447,50631.77857997668,1667.3959053213546
median_income,4.5-6,728,54156.37187449099,3517.9330142513736
median_income,>6,472,55914.400933142126,3649.5023172669494
