head,feature_set,seed,features,params,epochs_run,best_epoch,train_seconds,valid_rmse,valid_mae,valid_r2,test_rmse,test_mae,test_r2
linear,numeric only,42,8,9,60,45,16.65715589599995,69643.53125,50263.78125,0.6398904571893014,68505.3671875,50687.09375,0.6399192881956355
linear,numeric only,43,8,9,48,33,13.073579772000016,69657.671875,50553.78125,0.6397441818394967,68460.125,50880.984375,0.640394726173919
linear,numeric only,44,8,9,38,23,10.557540121999978,69599.1875,50445.4765625,0.6403488595426221,68439.421875,50802.1796875,0.6406122730589563
linear,numeric only,45,8,9,64,49,20.818245091999984,69622.171875,50494.171875,0.6401112658271966,68504.3359375,50954.625,0.6399301635908918
linear,numeric only,46,8,9,44,29,15.543944125000053,69606.0625,50391.1796875,0.6402777587085886,68457.484375,50799.66015625,0.6404224798707738
linear,+ ocean one-hot,42,14,15,40,25,13.290561946000025,68882.4609375,49705.3828125,0.6477179989290743,67545.3359375,49967.203125,0.649940945434361
linear,+ ocean one-hot,43,14,15,48,33,15.188710639999954,68864.40625,49513.34765625,0.6479026347819095,67382.234375,49785.32421875,0.6516294772326134
linear,+ ocean one-hot,44,14,15,38,23,14.672203005999904,68812.9921875,49383.06640625,0.6484282151646272,67417.78125,49678.46484375,0.6512617797291987
linear,+ ocean one-hot,45,14,15,28,13,10.468658521999942,68863.75,49513.29296875,0.6479094242514722,67698.03125,49801.72265625,0.6483564510194026
linear,+ ocean one-hot,46,14,15,44,29,16.454789212000037,68856.6640625,49337.296875,0.6479818452601431,67404.5546875,49662.2109375,0.651398599217907
linear,+ ocean embedding,42,10,23,40,25,15.852686427000094,68909.4140625,49349.859375,0.6474423087455459,67557.2109375,49676.75390625,0.6498177689146122
linear,+ ocean embedding,43,10,23,48,33,18.989949804000048,68884.296875,49673.44140625,0.6476992147299503,67390.484375,49928.78125,0.6515441891866607
linear,+ ocean embedding,44,10,23,52,37,20.14503632800006,68886.2578125,49300.0234375,0.6476791480754645,67396.78125,49584.89453125,0.6514790537548569
linear,+ ocean embedding,45,10,23,50,35,20.437756481000065,68956.671875,49851.26171875,0.6469585213199152,67509.765625,50144.55859375,0.6503095394757358
linear,+ ocean embedding,46,10,23,44,29,19.227558043000045,68871.3359375,49443.31640625,0.6478317979828033,67458.1484375,49758.7578125,0.650843993039747
linear,+ income buckets,42,19,20,40,25,14.045364460000087,68008.859375,49166.05078125,0.6565970031884858,66712.8671875,49556.8984375,0.6585164089834663
linear,+ income buckets,43,19,20,48,33,18.094306896000035,67977.3203125,48678.22265625,0.6569153915917096,66544.390625,49093.69140625,0.6602390092242062
linear,+ income buckets,44,19,20,38,23,20.955843045999927,67971.84375,48711.71875,0.6569707257686472,66622.9296875,49088.41796875,0.659436490810096
linear,+ income buckets,45,19,20,61,46,24.432596848000003,67972.9609375,48827.47265625,0.656959372266767,66559.0390625,49218.48046875,0.660089365344676
linear,+ income buckets,46,19,20,44,29,16.367838846999916,67969.6953125,48748.56640625,0.6569923389134223,66578.734375,49159.62109375,0.6598881900223901
linear,+ age x ocean,42,18,419,38,23,15.263835212999993,68578.8359375,49235.015625,0.650816788276125,67207.375,49543.47265625,0.6534351436643611
linear,+ age x ocean,43,18,419,41,26,12.138323493000144,68596.703125,48592.078125,0.6506348682111152,67117.640625,48897.6328125,0.6543600589999938
linear,+ age x ocean,44,18,419,52,37,21.012994051000078,68571.3984375,49206.546875,0.6508925663003018,67121.0859375,49381.0859375,0.6543245093208764
linear,+ age x ocean,45,18,419,35,20,10.687645441999848,68598.203125,48844.30078125,0.6506195541853232,67171.953125,49063.0703125,0.653800385433363
linear,+ age x ocean,46,18,419,46,31,15.278015149000112,68555.40625,48997.98828125,0.6510553626927096,67127.109375,49322.3828125,0.6542624922819775
linear,+ grid one-hot (400),42,414,415,34,19,16.171353223000096,64256.3828125,44821.54296875,0.693446924679586,62541.0859375,45164.84375,0.6998892970518713
linear,+ grid one-hot (400),43,414,415,28,13,14.762627466999902,64257.25390625,44953.421875,0.6934386075793715,62724.06640625,45335.3828125,0.698130640393167
linear,+ grid one-hot (400),44,414,415,38,23,19.48005211299983,64154.6171875,44690.6875,0.6944171775993975,62441.921875,44994.15625,0.700840250968261
linear,+ grid one-hot (400),45,414,415,34,19,17.460482211999988,64252.3828125,44940.51171875,0.6934850965862396,62507.0078125,45216.87109375,0.7002162800379197
linear,+ grid one-hot (400),46,414,415,54,39,20.90633016599986,64211.55078125,44823.35546875,0.6938745481042217,62515.12890625,45167.8671875,0.7001383786851608
linear,+ grid embedding (400),42,22,3223,72,57,21.802355992999992,64527.359375,44640.2421875,0.6908559499365637,62657.9921875,45071.70703125,0.6987662858069466
linear,+ grid embedding (400),43,22,3223,67,52,20.986530311000024,64606.60546875,44426.21875,0.6900961328539263,62749.09765625,44782.32421875,0.6978896665814306
linear,+ grid embedding (400),44,22,3223,52,37,22.461192485999845,64665.98828125,45485.375,0.6895261946033977,62968.453125,45714.73046875,0.6957737590355435
linear,+ grid embedding (400),45,22,3223,74,59,23.342045348000056,64546.0546875,44730.2578125,0.6906767645190166,62747.4765625,44992.21875,0.6979052585459558
linear,+ grid embedding (400),46,22,3223,44,29,14.056327555000053,64571.1484375,44768.9296875,0.6904362098404762,62811.6796875,45196.62890625,0.697286764293154
linear,+ hashed grid (1000),42,22,8023,72,57,22.241263566000043,64563.4609375,44610.16796875,0.6905099321641465,62683.71875,45084.69921875,0.6985188803098434
linear,+ hashed grid (1000),43,22,8023,31,16,8.730941597000083,64824.98828125,44835.36328125,0.6879975643909522,62946.75390625,45109.921875,0.6959833735086286
linear,+ hashed grid (1000),44,22,8023,38,23,11.761020250000001,64785.94140625,45087.25390625,0.6883733049523447,62979.8359375,45476.68359375,0.6956637382358628
linear,+ hashed grid (1000),45,22,8023,74,59,21.554912793999847,64610.44140625,44635.60546875,0.6900593565604607,62802.01953125,44970.16015625,0.6973798483213691
linear,+ hashed grid (1000),46,22,8023,44,29,13.102580960000068,64587.82421875,44867.26171875,0.6902763178322702,62815.76171875,45297.2578125,0.6972473945827278
linear,all features,42,31,8432,47,32,21.14351463899993,63256.98046875,44145.35546875,0.7029086540238696,61290.98046875,44199.234375,0.7117669632778052
linear,all features,43,31,8432,48,33,15.955933934000086,63253.68359375,43996.8203125,0.7029395838296562,61316.9609375,44109.1484375,0.7115225592338732
linear,all features,44,31,8432,40,25,21.27369720600018,63261.9375,43698.41015625,0.7028620518591755,61424.84765625,43865.90625,0.7105065283555467
linear,all features,45,31,8432,40,25,13.137850532999892,63163.84765625,43931.71484375,0.7037827982300908,61245.671875,44010.38671875,0.7121929552385882
linear,all features,46,31,8432,86,71,26.76919658399993,63119.31640625,43839.71875,0.7042003506082082,61303.6484375,43906.11328125,0.7116478211788773
mlp,numeric only,42,8,4801,82,72,41.643568333000076,51970.86328125,34810.56640625,0.7994637186588656,51327.0390625,35611.69140625,0.7978642906591659
mlp,numeric only,43,8,4801,58,48,16.885961652999868,52493.19921875,35178.33984375,0.7954124610303307,51963.77734375,35826.125,0.7928179903205084
mlp,numeric only,44,8,4801,83,73,41.58171012999992,52314.5234375,34864.28125,0.7968028312389832,51509.0859375,35611.72265625,0.7964278809272853
mlp,numeric only,45,8,4801,52,42,21.106256207999877,52709.01171875,35318.33203125,0.7937267866149681,52401.25,36563.75,0.7893148656908175
mlp,numeric only,46,8,4801,53,43,15.217983754999977,52029.83203125,35193.7578125,0.7990083904264857,52059.37890625,36226.75,0.7920549585565583
mlp,+ ocean one-hot,42,14,5185,43,33,12.87693007100006,52865.57421875,35870.83203125,0.7924995522722016,51747.4296875,36243.5078125,0.7945395575935985
mlp,+ ocean one-hot,43,14,5185,69,59,20.283593218000078,52609.88671875,34815.75390625,0.7945018800041219,50775.96484375,34927.30078125,0.8021814717567155
mlp,+ ocean one-hot,44,14,5185,56,46,16.68187634600008,52822.34375,35770.03515625,0.7928387994346937,51873.5234375,36242.08203125,0.793537033254542
mlp,+ ocean one-hot,45,14,5185,100,92,31.51203042799989,52031.06640625,35092.2421875,0.7989988285901848,51163.38671875,35230.7734375,0.7991512124311615
mlp,+ ocean one-hot,46,14,5185,53,43,16.62542174500004,52749.0859375,35430.609375,0.7934129999633368,52090.59375,36077.90625,0.7918055261040671
mlp,+ ocean embedding,42,10,4941,48,38,15.397127356000055,52489.5390625,35704.03515625,0.7954409768024948,51766.02734375,36256.52734375,0.794391862709634
mlp,+ ocean embedding,43,10,4941,55,45,21.2275324929999,52112.359375,34960.48046875,0.7983702557261254,50963.6484375,35282.8125,0.8007163728101085
mlp,+ ocean embedding,44,10,4941,100,97,41.74628104399994,51442.640625,34410.69140625,0.8035194083022539,50644.078125,34662.921875,0.803207773841673
mlp,+ ocean embedding,45,10,4941,75,65,23.575555300999895,51991.1015625,34440.65234375,0.7993075042800062,51312.6015625,35073.390625,0.7979779950604656
mlp,+ ocean embedding,46,10,4941,56,46,19.53893850999998,52863.00390625,35198.53125,0.7925197320845135,52246.9453125,36024.0703125,0.7905538421718983
mlp,+ income buckets,42,19,5505,43,33,12.909194852999917,53493.8828125,36418.05078125,0.7875379587927478,52301.77734375,36630.2890625,0.7901139928526435
mlp,+ income buckets,43,19,5505,79,69,24.520349490999934,52592.4765625,34677.32421875,0.7946378579917563,51323.40625,34997.109375,0.7978929019140696
mlp,+ income buckets,44,19,5505,46,36,21.151512195000123,53326.76171875,36138.56640625,0.7888633952688864,51283.50390625,35922.7578125,0.7982070410193403
mlp,+ income buckets,45,19,5505,56,46,21.24325785899987,53190.19921875,35524.203125,0.7899433924203267,52080.51171875,35659.95703125,0.7918860975807508
mlp,+ income buckets,46,19,5505,53,43,16.34937178300015,52789.9765625,35876.41015625,0.7930925935788817,51658.44140625,35976.21484375,0.7952456202171649
mlp,+ age x ocean,42,18,5841,57,47,17.92370811600017,52644.28125,35882.203125,0.7942330924479825,52078.57421875,36485.30078125,0.7919015726055421
mlp,+ age x ocean,43,18,5841,55,45,17.183682594000175,53144.4140625,35269.1875,0.7903048562359996,52242.6015625,35809.9453125,0.7905886512327007
mlp,+ age x ocean,44,18,5841,47,37,16.200275436999846,52918.69921875,36269.0703125,0.7920823016482871,51702.19140625,36574.60546875,0.7948986600265687
mlp,+ age x ocean,45,18,5841,80,70,24.95189858399999,52582.85546875,34953.7109375,0.7947129947882523,51300.08203125,35267.66796875,0.7980765557662204
mlp,+ age x ocean,46,18,5841,77,67,23.797109514000113,52238.82421875,34700.71484375,0.7973904598296507,51744.1171875,35272.62109375,0.7945658885236904
mlp,+ grid one-hot (400),42,414,30785,29,19,11.753913454999747,53210.07421875,35358.09375,0.7897863670770473,51401.86328125,34959.55078125,0.7972745246010016
mlp,+ grid one-hot (400),43,414,30785,27,17,10.499947833000078,53145.70703125,35431.30859375,0.7902946531720175,51777.734375,35109.2109375,0.7942988371512857
mlp,+ grid one-hot (400),44,414,30785,44,34,17.70029707499998,52585.3984375,34926.32421875,0.7946931544494185,51262.875,34899.76953125,0.7983693338800916
mlp,+ grid one-hot (400),45,414,30785,41,31,15.838984070000151,52444.3984375,34791.1875,0.7957926713258521,51713.63671875,35031.5078125,0.794807817343254
mlp,+ grid one-hot (400),46,414,30785,53,43,22.096262559000024,52408.62890625,34780.953125,0.7960711150164811,51794.7578125,35035.5625,0.7941635768590299
mlp,+ grid embedding (400),42,22,8897,27,17,11.127158700999644,53190.62109375,35098.2421875,0.7899400354048206,51969.1640625,35042.234375,0.7927750344582416
mlp,+ grid embedding (400),43,22,8897,55,45,21.003835923000224,52196.43359375,34684.8984375,0.797719145595045,50470.98046875,34200.796875,0.8045506902562696
mlp,+ grid embedding (400),44,22,8897,43,33,16.406404439999733,51982.77734375,34797.328125,0.7993717402059262,51370.18359375,34691.9609375,0.7975243078726948
mlp,+ grid embedding (400),45,22,8897,56,46,22.539164721999896,51785.41015625,34937.40234375,0.8008923550723599,50926.58984375,34856.88671875,0.8010060715109861
mlp,+ grid embedding (400),46,22,8897,46,36,21.293162560999917,51995.33203125,34635.53515625,0.7992748393875536,50587.00390625,34595.953125,0.8036510533931234
mlp,+ hashed grid (1000),42,22,13697,55,45,17.130435518000013,52495.2109375,34830.9765625,0.7953967698117853,50751.0859375,34573.23046875,0.8023752798757633
mlp,+ hashed grid (1000),43,22,13697,55,45,17.687310230000094,52078.37890625,34436.52734375,0.7986331213560351,50304.69140625,33915.31640625,0.805836481610837
mlp,+ hashed grid (1000),44,22,13697,43,33,21.25940649899985,51737.43359375,34316.8515625,0.8012611175678128,50876.99609375,34404.30078125,0.8013934538696137
mlp,+ hashed grid (1000),45,22,13697,41,31,13.635642088000168,52022.53125,34258.42578125,0.799064780743133,50972.7890625,34426.140625,0.8006448446728494
mlp,+ hashed grid (1000),46,22,13697,46,36,14.543348778000109,51675.49609375,34473.9921875,0.8017366444721421,50436.734375,34452.36328125,0.8048158511029756
mlp,all features,42,31,14673,55,45,18.22000699099999,52272.00390625,34779.19921875,0.797132988056116,51245.87109375,34876.7734375,0.7985031129357174
mlp,all features,43,31,14673,55,45,18.416227371999867,52708.68359375,35033.85546875,0.7937293515256919,51975.3203125,35261.21875,0.7927259197699874
mlp,all features,44,31,14673,43,33,14.69038863500009,52772.3828125,35176.49609375,0.7932304763899214,51666.3125,35150.66796875,0.795183213379153
mlp,all features,45,31,14673,47,37,15.174102720000064,53137.21484375,35416.046875,0.7903616614646757,51319.69140625,35341.34765625,0.7979221758274655
mlp,all features,46,31,14673,36,26,12.895747851999658,53125.48046875,35948.8671875,0.7904542434260207,51821.953125,35915.1328125,0.7939473552909773
