feature_set,features,params,valid_rmse,valid_rmse_lo,valid_rmse_hi,test_rmse,test_rmse_lo,test_rmse_hi,test_r2,epochs_mean,valid_diff_vs_baseline,valid_diff_lo,valid_diff_hi,significant_vs_baseline,head
numeric only,8,9,69625.725,69595.05098029242,69656.39901970759,68473.346875,68436.2890550947,68510.4046949053,0.6402557861780352,50.8,769.6703125,746.1011661656543,793.2394588343458,True,linear
+ ocean one-hot,14,15,68856.0546875,68823.90897589356,68888.20039910644,67489.5875,67324.78250889824,67654.39249110175,0.6505174505266964,39.6,,,,,linear
+ ocean embedding,10,23,68901.5953125,68859.74246208605,68943.44816291393,67462.478125,67373.09483313514,67551.86141686485,0.6507989088743226,46.8,45.540625,1.7732642024242011,89.3079857975758,True,linear
+ income buckets,19,20,67980.1359375,67959.90204013474,68000.36983486527,66603.5921875,66519.3265495175,66687.85782548251,0.6596338928769668,46.2,-875.91875,-901.3825417687548,-850.4549582312453,True,linear
+ age x ocean,18,419,68580.109375,68557.80704685052,68602.41170314948,67149.0328125,67100.24202921527,67197.82359578472,0.6540365179401143,42.4,-275.9453125,-308.57875324258526,-243.31187175741474,True,linear
+ grid one-hot (400),414,415,64226.4375,64171.25917725816,64281.61582274184,62545.8421875,62414.0892040635,62677.595170936496,0.699842969427276,37.6,-4629.6171875,-4656.802238804712,-4602.432136195288,True,linear
+ grid embedding (400),22,3223,64583.43125,64515.296139053564,64651.56636094644,62786.93984375,62643.77645467185,62930.10323282814,0.6975243468526061,61.8,-4272.6234375,-4370.786187073391,-4174.460687926609,True,linear
+ hashed grid (1000),22,8023,64674.53125,64523.71663690132,64825.34586309868,62845.61796875,62697.07618690478,62994.159750595216,0.6969586469916863,51.8,-4181.5234375,-4352.373915876823,-4010.6729591231774,True,linear
all features,31,8432,63211.153125,63129.82690739342,63292.47934260657,61316.421875,61234.123740330615,61398.720009669385,0.7115273654569382,52.2,-5644.9015625,-5736.826592144659,-5552.976532855341,True,linear
numeric only,8,4801,52303.4859375,51917.72568810277,52689.24618689723,51852.10625,51314.324624996094,52389.8878750039,0.7936959972308671,65.6,-312.10546875,-1087.9944701721167,463.78353267211673,False,mlp
+ ocean one-hot,14,5185,52615.59140625,52192.3493516616,53038.8334608384,51530.1796875,50855.062773973,52205.296601027,0.7962429602280169,64.2,,,,,mlp
+ ocean embedding,10,4941,52179.72890625,51515.042751979454,52844.41506052054,51386.66015625,50596.503762541986,52176.816549958014,0.7973695693187558,66.8,-435.8625,-1159.127917383936,287.40291738393597,False,mlp
+ income buckets,19,5505,53078.659375,52611.540367783935,53545.77838221607,51729.528125,51167.48327091196,52291.572979088036,0.7946691307167939,55.4,463.06796875,-133.2583728274269,1059.3943103274269,False,mlp
+ age x ocean,18,5841,52705.81484375,52278.08247147321,53133.54721602679,51813.51328125,51359.33146391152,52267.69509858848,0.7940062656309446,63.2,90.2234375,-488.22119280014584,668.6680678001459,False,mlp
+ grid one-hot (400),414,30785,52758.84140625,52275.994651410096,53241.68816108991,51590.1734375,51289.30231673148,51891.04455826852,0.7957828179669326,38.8,143.25,-355.7685216582848,642.2685216582847,False,mlp
+ grid embedding (400),22,8897,52230.11484375,51539.4081341139,52920.8215533861,51064.784375,50301.60373056281,51827.96501943719,0.7999014314982631,45.4,-385.4765625,-963.5514198642943,192.5982948642943,False,mlp
+ hashed grid (1000),22,13697,52001.81015625,51596.54792627546,52407.07238622454,50668.459375,50312.383737123455,51024.53501287654,0.8030131822264076,48.0,-613.78125,-1191.432130535556,-36.13036946444379,True,mlp
all features,31,14673,52803.153125,52360.88583592655,53245.420414073444,51605.8296875,51213.99854762605,51997.660827373955,0.7956563554406602,47.2,187.56171875,-586.3453615534909,961.468799053491,False,mlp
