cell,row,col,train_rows,bucket
0,0,0,0,304
1,0,1,0,963
2,0,2,0,414
3,0,3,0,732
4,0,4,0,694
5,0,5,0,98
6,0,6,0,528
7,0,7,0,291
8,0,8,0,397
9,0,9,0,893
10,0,10,0,818
11,0,11,0,840
12,0,12,0,471
13,0,13,0,760
14,0,14,0,277
15,0,15,0,146
16,0,16,0,406
17,0,17,0,813
18,0,18,0,335
19,0,19,0,350
20,1,0,0,673
21,1,1,0,641
22,1,2,0,357
23,1,3,0,651
24,1,4,0,725
25,1,5,0,733
26,1,6,0,652
27,1,7,0,889
28,1,8,0,922
29,1,9,0,221
30,1,10,0,806
31,1,11,0,331
32,1,12,0,932
33,1,13,2,11
34,1,14,1,389
35,1,15,0,61
36,1,16,0,670
37,1,17,0,954
38,1,18,0,97
39,1,19,0,199
40,2,0,0,441
41,2,1,0,716
42,2,2,0,891
43,2,3,0,584
44,2,4,0,547
45,2,5,0,438
46,2,6,0,836
47,2,7,0,607
48,2,8,0,12
49,2,9,0,382
50,2,10,0,854
51,2,11,0,669
52,2,12,0,680
53,2,13,588,84
54,2,14,232,704
55,2,15,4,374
56,2,16,54,55
57,2,17,3,649
58,2,18,1,681
59,2,19,0,908
60,3,0,0,840
61,3,1,0,468
62,3,2,0,211
63,3,3,0,185
64,3,4,0,786
65,3,5,0,412
66,3,6,0,543
67,3,7,0,593
68,3,8,0,356
69,3,9,0,980
70,3,10,0,321
71,3,11,2,921
72,3,12,203,870
73,3,13,211,236
74,3,14,23,324
75,3,15,12,889
76,3,16,6,507
77,3,17,3,316
78,3,18,1,984
79,3,19,0,888
80,4,0,0,986
81,4,1,0,84
82,4,2,0,598
83,4,3,0,794
84,4,4,0,952
85,4,5,0,412
86,4,6,0,479
87,4,7,0,211
88,4,8,0,857
89,4,9,0,19
90,4,10,72,566
91,4,11,1440,551
92,4,12,2513,68
93,4,13,526,963
94,4,14,95,88
95,4,15,47,952
96,4,16,1,889
97,4,17,1,482
98,4,18,1,677
99,4,19,0,229
100,5,0,0,44
101,5,1,0,815
102,5,2,0,930
103,5,3,0,342
104,5,4,0,893
105,5,5,0,431
106,5,6,0,673
107,5,7,0,929
108,5,8,28,226
109,5,9,100,290
110,5,10,102,474
111,5,11,249,908
112,5,12,80,965
113,5,13,69,18
114,5,14,15,779
115,5,15,0,170
116,5,16,0,135
117,5,17,1,140
118,5,18,0,579
119,5,19,0,734
120,6,0,0,894
121,6,1,0,115
122,6,2,0,304
123,6,3,0,319
124,6,4,0,181
125,6,5,0,896
126,6,6,0,768
127,6,7,7,257
128,6,8,97,171
129,6,9,0,413
130,6,10,41,565
131,6,11,10,398
132,6,12,12,219
133,6,13,4,744
134,6,14,9,773
135,6,15,0,426
136,6,16,2,534
137,6,17,2,424
138,6,18,0,827
139,6,19,0,225
140,7,0,0,115
141,7,1,0,645
142,7,2,0,215
143,7,3,0,660
144,7,4,0,712
145,7,5,0,755
146,7,6,0,910
147,7,7,13,634
148,7,8,19,427
149,7,9,1,746
150,7,10,144,100
151,7,11,9,499
152,7,12,19,942
153,7,13,1,939
154,7,14,0,321
155,7,15,1,167
156,7,16,0,994
157,7,17,0,989
158,7,18,0,807
159,7,19,0,952
160,8,0,0,210
161,8,1,0,912
162,8,2,0,792
163,8,3,0,620
164,8,4,0,372
165,8,5,0,336
166,8,6,3,30
167,8,7,12,423
168,8,8,11,288
169,8,9,41,562
170,8,10,137,890
171,8,11,4,481
172,8,12,0,830
173,8,13,0,841
174,8,14,1,431
175,8,15,1,987
176,8,16,0,547
177,8,17,0,788
178,8,18,0,973
179,8,19,0,391
180,9,0,0,171
181,9,1,0,14
182,9,2,0,613
183,9,3,0,668
184,9,4,0,654
185,9,5,44,413
186,9,6,140,588
187,9,7,3,235
188,9,8,19,6
189,9,9,291,319
190,9,10,44,828
191,9,11,2,661
192,9,12,3,178
193,9,13,0,428
194,9,14,0,757
195,9,15,0,62
196,9,16,0,967
197,9,17,0,326
198,9,18,0,21
199,9,19,0,55
200,10,0,0,65
201,10,1,0,712
202,10,2,0,672
203,10,3,0,557
204,10,4,0,73
205,10,5,495,470
206,10,6,346,742
207,10,7,57,974
208,10,8,55,112
209,10,9,23,530
210,10,10,6,267
211,10,11,5,96
212,10,12,1,372
213,10,13,0,36
214,10,14,0,504
215,10,15,0,653
216,10,16,0,709
217,10,17,0,939
218,10,18,0,239
219,10,19,0,18
220,11,0,0,634
221,11,1,0,697
222,11,2,0,434
223,11,3,0,408
224,11,4,30,857
225,11,5,1362,602
226,11,6,151,405
227,11,7,322,900
228,11,8,36,710
229,11,9,4,661
230,11,10,7,897
231,11,11,1,105
232,11,12,0,750
233,11,13,0,442
234,11,14,0,170
235,11,15,0,160
236,11,16,0,260
237,11,17,0,295
238,11,18,0,155
239,11,19,0,344
240,12,0,0,713
241,12,1,0,210
242,12,2,0,744
243,12,3,0,20
244,12,4,180,911
245,12,5,152,384
246,12,6,309,277
247,12,7,117,701
248,12,8,27,862
249,12,9,2,882
250,12,10,0,36
251,12,11,0,364
252,12,12,0,176
253,12,13,0,942
254,12,14,0,839
255,12,15,0,135
256,12,16,0,984
257,12,17,0,666
258,12,18,0,325
259,12,19,0,996
260,13,0,0,661
261,13,1,0,395
262,13,2,0,639
263,13,3,13,751
264,13,4,56,604
265,13,5,19,936
266,13,6,104,929
267,13,7,151,349
268,13,8,16,229
269,13,9,38,642
270,13,10,0,654
271,13,11,0,104
272,13,12,0,383
273,13,13,0,227
274,13,14,0,378
275,13,15,0,719
276,13,16,0,233
277,13,17,0,244
278,13,18,0,12
279,13,19,0,322
280,14,0,0,66
281,14,1,0,960
282,14,2,8,711
283,14,3,13,52
284,14,4,4,825
285,14,5,12,362
286,14,6,85,282
287,14,7,25,715
288,14,8,17,785
289,14,9,6,873
290,14,10,0,859
291,14,11,0,115
292,14,12,0,810
293,14,13,0,568
294,14,14,0,424
295,14,15,0,231
296,14,16,0,91
297,14,17,0,577
298,14,18,0,161
299,14,19,0,145
300,15,0,0,985
301,15,1,0,698
302,15,2,5,997
303,15,3,5,680
304,15,4,1,969
305,15,5,26,488
306,15,6,16,89
307,15,7,14,364
308,15,8,10,340
309,15,9,1,231
310,15,10,0,777
311,15,11,0,338
312,15,12,0,84
313,15,13,0,366
314,15,14,0,831
315,15,15,0,720
316,15,16,0,472
317,15,17,0,59
318,15,18,0,766
319,15,19,0,556
320,16,0,0,400
321,16,1,0,312
322,16,2,60,809
323,16,3,7,289
324,16,4,11,232
325,16,5,61,364
326,16,6,7,541
327,16,7,4,360
328,16,8,8,903
329,16,9,0,811
330,16,10,0,41
331,16,11,0,22
332,16,12,0,466
333,16,13,0,656
334,16,14,0,9
335,16,15,0,713
336,16,16,0,44
337,16,17,0,374
338,16,18,0,560
339,16,19,0,420
340,17,0,0,809
341,17,1,0,900
342,17,2,8,212
343,17,3,4,993
344,17,4,3,684
345,17,5,12,989
346,17,6,4,86
347,17,7,2,567
348,17,8,2,135
349,17,9,0,184
350,17,10,0,791
351,17,11,0,869
352,17,12,0,828
353,17,13,0,528
354,17,14,0,436
355,17,15,0,781
356,17,16,0,356
357,17,17,0,717
358,17,18,0,392
359,17,19,0,548
360,18,0,0,748
361,18,1,0,993
362,18,2,8,752
363,18,3,2,129
364,18,4,9,466
365,18,5,1,514
366,18,6,2,122
367,18,7,1,434
368,18,8,1,13
369,18,9,1,463
370,18,10,0,130
371,18,11,0,69
372,18,12,0,326
373,18,13,0,111
374,18,14,0,762
375,18,15,0,87
376,18,16,0,611
377,18,17,0,832
378,18,18,0,895
379,18,19,0,606
380,19,0,0,74
381,19,1,0,333
382,19,2,0,644
383,19,3,0,449
384,19,4,0,776
385,19,5,0,453
386,19,6,0,596
387,19,7,0,33
388,19,8,0,979
389,19,9,0,849
390,19,10,0,775
391,19,11,0,558
392,19,12,0,708
393,19,13,0,836
394,19,14,0,595
395,19,15,0,499
396,19,16,0,974
397,19,17,0,237
398,19,18,0,972
399,19,19,0,765
