encoding,compression,reading,bytes,bytes_per_image,write_seconds,examples_per_second
raw,none,"one record at a time, serial",50280000,838.0,0.6926860769999621,23460.58822470025
raw,none,"one record at a time, parallel",50280000,838.0,0.6926860769999621,20452.379138548164
raw,none,"a batch at a time, serial",50280000,838.0,0.6926860769999621,121449.12611481952
raw,none,"a batch at a time, parallel",50280000,838.0,0.6926860769999621,64376.43590433646
raw,GZIP,"one record at a time, serial",10364416,172.74026666666666,2.0329724680000254,26791.346987008666
raw,GZIP,"one record at a time, parallel",10364416,172.74026666666666,2.0329724680000254,20368.972669067472
raw,GZIP,"a batch at a time, serial",10364416,172.74026666666666,2.0329724680000254,89173.29449529092
raw,GZIP,"a batch at a time, parallel",10364416,172.74026666666666,2.0329724680000254,56684.20992262618
png,none,"one record at a time, serial",19832042,330.53403333333335,6.980643217000306,23473.997839487467
png,none,"one record at a time, parallel",19832042,330.53403333333335,6.980643217000306,19083.388411675667
png,GZIP,"one record at a time, serial",14499583,241.65971666666667,7.849619418000202,22865.560301412217
png,GZIP,"one record at a time, parallel",14499583,241.65971666666667,7.849619418000202,16655.3675589062
tensor,none,"one record at a time, serial",51420000,857.0,2.8701916909999454,27489.81636430897
tensor,none,"one record at a time, parallel",51420000,857.0,2.8701916909999454,21542.596298454773
tensor,GZIP,"one record at a time, serial",10373190,172.8865,4.357256194999991,25460.340329844883
tensor,GZIP,"one record at a time, parallel",10373190,172.8865,4.357256194999991,18205.060952756587
