prefetch,step_ms,ms_per_batch,examples,batches,seconds_median,examples_per_second,predicted_ms_per_batch
0,0.0,1.6583927829456773,12384,387,0.6417980069999771,19295.790677019726,1.6583927829456773
0,1.0,3.05095704909558,12384,387,1.1807203779999895,10488.512124248362,2.6583927829456773
0,2.0,4.040709253229947,12384,387,1.5637544809999895,7919.401767009283,3.6583927829456773
0,4.0,6.11047488113698,12384,387,2.3647537790000115,5236.908852826466,5.658392782945677
0,8.0,10.253120852713174,12384,387,3.967957769999998,3121.0009576286407,9.658392782945677
1,0.0,1.635935436692406,12384,387,0.633107013999961,19560.674145367724,1.6583927829456773
1,1.0,1.6072592299740047,12384,387,0.6220093219999399,19909.669456692158,1.6583927829456773
1,2.0,2.663042542635465,12384,387,1.030597463999925,12016.33075239248,2.0
1,4.0,4.736528635658855,12384,387,1.833036581999977,6756.002646978354,4.0
1,8.0,8.759920431524444,12384,387,3.39008920699996,3653.001217321697,8.0
