label,n_readers,buffer,shuffle_files,spearman,batch_diversity,predicted_spearman
no shuffling,1,0,False,0.9999523849562361,0.006258727051317692,
random file order only,1,0,True,-0.010778646805630128,0.05779523029923439,
interleave 5 files,5,0,True,0.004800538854453075,0.9203118681907654,
buffer 100,1,100,False,0.9995713957410953,0.032978031784296036,0.9996090019484889
buffer 1000,1,1000,False,0.9649786973013751,0.26675793528556824,0.9630330088606295
buffer 10000,1,10000,False,0.06078219895162419,0.9737324714660645,
interleave 5 + buffer 100,5,100,True,0.004550287791392138,0.9160658717155457,
interleave 5 + buffer 1000,5,1000,True,0.005827143793105244,0.9433755278587341,
interleave 5 + buffer 10000,5,10000,True,-0.010488555093721727,0.9873334765434265,
