loss,rmse,val_loss,val_rmse,epoch
0.9927181601524353,0.9963524341583252,0.417367547750473,0.6460399031639099,1
0.3778614103794098,0.6147043108940125,0.37667012214660645,0.6137345433235168,2
0.34895285964012146,0.5907223224639893,0.3405873477458954,0.5835986137390137,3
0.33011236786842346,0.5745540857315063,0.3291349709033966,0.573702871799469,4
0.32845887541770935,0.5731133222579956,0.3160673975944519,0.5621986985206604,5
0.30112549662590027,0.5487490296363831,0.3085757791996002,0.5554959774017334,6
0.30604463815689087,0.5532130002975464,0.3064568042755127,0.553585410118103,7
0.30458277463912964,0.5518901944160461,0.3072100877761841,0.5542653799057007,8
0.2804112434387207,0.5295386910438538,0.30154597759246826,0.5491320490837097,9
0.28393977880477905,0.5328599810600281,0.30116018652915955,0.548780620098114,10
0.2807866632938385,0.5298930406570435,0.29276302456855774,0.5410758256912231,11
0.27744314074516296,0.5267286896705627,0.2996082305908203,0.5473648309707642,12
0.27206817269325256,0.5216015577316284,0.29329296946525574,0.5415652990341187,13
0.269159734249115,0.5188060402870178,0.3340483009815216,0.5779691338539124,14
0.27938804030418396,0.5285717248916626,0.29021328687667847,0.5387144684791565,15
0.2648108899593353,0.5145977735519409,0.29527637362480164,0.5433933734893799,16
0.2620839774608612,0.5119413733482361,0.28698885440826416,0.5357134342193604,17
0.256276935338974,0.5062380433082581,0.2913997173309326,0.5398145318031311,18
0.2565602958202362,0.5065178275108337,0.2891397476196289,0.5377171635627747,19
0.26672235131263733,0.5164517164230347,0.2896402180194855,0.5381823182106018,20
0.2452021688222885,0.4951789379119873,0.2949666380882263,0.5431082844734192,21
0.2574409544467926,0.5073863863945007,0.293536514043808,0.5417901277542114,22
0.2590831220149994,0.5090020895004272,0.29626530408859253,0.5443025827407837,23
0.24113188683986664,0.4910518229007721,0.29432013630867004,0.5425127744674683,24
0.2578737437725067,0.5078126788139343,0.29303762316703796,0.5413295030593872,25
0.2465146780014038,0.49650245904922485,0.284972608089447,0.5338282585144043,26
0.23871596157550812,0.4885856807231903,0.2866884768009186,0.5354329943656921,27
0.24327121675014496,0.4932253062725067,0.2939112186431885,0.5421357750892639,28
0.2525952458381653,0.5025885701179504,0.2874402105808258,0.5361344814300537,29
0.24206793308258057,0.49200400710105896,0.2907632887363434,0.5392246842384338,30
0.2458152174949646,0.4957975447177887,0.28773730993270874,0.5364115238189697,31
0.23623715341091156,0.4860423505306244,0.2795220613479614,0.5286984443664551,32
0.22555911540985107,0.47493064403533936,0.2831609845161438,0.5321287512779236,33
0.24749307334423065,0.49748677015304565,0.2841687500476837,0.5330747961997986,34
0.23329240083694458,0.48300352692604065,0.2992912232875824,0.5470751523971558,35
0.23494797945022583,0.4847143292427063,0.28923267126083374,0.537803590297699,36
0.2250075489282608,0.47434961795806885,0.28034254908561707,0.5294738411903381,37
0.22363822162151337,0.4729040265083313,0.2818525433540344,0.530897855758667,38
0.234166219830513,0.4839072525501251,0.28298988938331604,0.5319679379463196,39
0.22514289617538452,0.47449225187301636,0.27948424220085144,0.5286626815795898,40
0.23474818468093872,0.4845081865787506,0.283731609582901,0.5326646566390991,41
0.22802728414535522,0.47752201557159424,0.28156208992004395,0.530624270439148,42
0.22647513449192047,0.475894033908844,0.2841107249259949,0.5330203771591187,43
0.22077606618404388,0.46986812353134155,0.2821677327156067,0.5311946272850037,44
0.22290439903736115,0.4721275269985199,0.2755747139453888,0.5249521136283875,45
0.22352731227874756,0.4727867543697357,0.2988056540489197,0.5466311573982239,46
0.21453577280044556,0.4631800651550293,0.2802824079990387,0.5294170379638672,47
0.2233533263206482,0.4726027250289917,0.2881081700325012,0.5367571115493774,48
0.21404753625392914,0.46265271306037903,0.2781672179698944,0.5274155735969543,49
0.21634532511234283,0.46512937545776367,0.29656052589416504,0.5445737242698669,50
0.2130584865808487,0.46158260107040405,0.27831578254699707,0.5275564193725586,51
0.21747960150241852,0.4663470685482025,0.2864459156990051,0.5352064371109009,52
0.21134836971759796,0.45972639322280884,0.28503844141960144,0.533889889717102,53
0.21874816715717316,0.46770521998405457,0.28981098532676697,0.5383409857749939,54
0.20947861671447754,0.4576883316040039,0.2793796956539154,0.5285637974739075,55
